[
  {
    "id": 1,
    "name": "Belly Dance Fundamentals",
    "description": "Learn the basic movements and techniques of belly dance in a supportive environment. Perfect for beginners who want to explore this beautiful art form.",
    "instructor": "Maria Rodriguez",
    "instructorId": 1,
    "schedule": "Mon, Wed 7:00 PM",
    "duration": 60,
    "capacity": 20,
    "enrolled": 18,
    "price": 80,
    "status": "active",
    "level": "Beginner",
    "image": "/placeholder.jpg",
    "createdAt": "2024-01-01",
    "updatedAt": "2024-01-15"
  },
  {
    "id": 2,
    "name": "Advanced Salsa",
    "description": "Perfect your salsa technique with complex patterns and styling. This class focuses on advanced footwork and partner connection.",
    "instructor": "Carlos Mendez",
    "instructorId": 2,
    "schedule": "Tue, Thu 8:00 PM",
    "duration": 75,
    "capacity": 16,
    "enrolled": 16,
    "price": 95,
    "status": "full",
    "level": "Advanced",
    "image": "/placeholder.jpg",
    "createdAt": "2024-01-01",
    "updatedAt": "2024-01-15"
  },
  {
    "id": 3,
    "name": "Khaleej Traditional Dance",
    "description": "Explore the rich cultural heritage of Gulf traditional dance with authentic movements and music.",
    "instructor": "Fatima Al-Zahra",
    "instructorId": 3,
    "schedule": "Sat 2:00 PM",
    "duration": 90,
    "capacity": 15,
    "enrolled": 12,
    "price": 85,
    "status": "active",
    "level": "Intermediate",
    "image": "/placeholder.jpg",
    "createdAt": "2024-01-01",
    "updatedAt": "2024-01-15"
  },
  {
    "id": 4,
    "name": "Latina Dance Fusion",
    "description": "A high-energy fusion of various Latin dance styles including salsa, bachata, and merengue.",
    "instructor": "Carlos Mendez",
    "instructorId": 2,
    "schedule": "Fri 6:30 PM",
    "duration": 60,
    "capacity": 25,
    "enrolled": 22,
    "price": 75,
    "status": "active",
    "level": "Beginner",
    "image": "/placeholder.jpg",
    "createdAt": "2024-01-01",
    "updatedAt": "2024-01-15"
  }
]
