[
  {
    "id": 1,
    "name": "Belly Dance",
    "description": "Discover the ancient art of belly dance with fluid movements and graceful expressions that celebrate femininity and strength.",
    "instructor": "Maria Rodriguez",
    "instructorId": 1,
    "schedule": "Mon, Wed, Fri - 10:00 AM",
    "duration": 60,
    "capacity": 20,
    "enrolled": 15,
    "price": 80,
    "status": "active",
    "level": "Beginner",
    "image": "https://images.unsplash.com/photo-1547153760-18fc86324498?q=80&w=687&auto=format&fit=crop&ixlib=rb-4.1.0&ixid=M3wxMjA3fDB8MHxwaG90by1wYWdlfHx8fGVufDB8fHx8fA%3D%3D",
    "createdAt": "2024-01-15T10:00:00Z",
    "updatedAt": "2024-01-20T14:30:00Z"
  },
  {
    "id": 2,
    "name": "Khaleej Dance",
    "description": "Experience the traditional Gulf dance with elegant hair movements and cultural rhythms that tell stories of heritage.",
    "instructor": "Fatima Al-Zahra",
    "instructorId": 2,
    "schedule": "Tue, Thu - 6:00 PM",
    "duration": 75,
    "capacity": 15,
    "enrolled": 12,
    "price": 90,
    "status": "active",
    "level": "Intermediate",
    "image": "https://images.unsplash.com/photo-1611879531844-24b7ddf40b26?q=80&w=1170&auto=format&fit=crop&ixlib=rb-4.1.0&ixid=M3wxMjA3fDB8MHxwaG90by1wYWdlfHx8fGVufDB8fHx8fA%3D%3D",
    "createdAt": "2024-01-10T09:00:00Z",
    "updatedAt": "2024-01-18T16:45:00Z"
  },
  {
    "id": 3,
    "name": "Latina Dance",
    "description": "Feel the passion and energy of Latin rhythms with salsa, bachata, and merengue that ignite your soul.",
    "instructor": "Carlos Mendez",
    "instructorId": 3,
    "schedule": "Sat, Sun - 2:00 PM",
    "duration": 90,
    "capacity": 18,
    "enrolled": 18,
    "price": 100,
    "status": "full",
    "level": "Advanced",
    "image": "https://images.unsplash.com/photo-1650465811226-de19b0502e94?q=80&w=687&auto=format&fit=crop&ixlib=rb-4.1.0&ixid=M3wxMjA3fDB8MHxwaG90by1wYWdlfHx8fGVufDB8fHx8fA%3D%3D",
    "createdAt": "2024-01-08T11:30:00Z",
    "updatedAt": "2024-01-22T13:15:00Z"
  },
  {
    "id": 4,
    "name": "Ballet",
    "description": "Master the classical art of ballet with precise technique, grace, and timeless elegance that builds strength and poise.",
    "instructor": "Elena Petrov",
    "instructorId": 4,
    "schedule": "Mon, Wed - 4:00 PM",
    "duration": 60,
    "capacity": 15,
    "enrolled": 8,
    "price": 95,
    "status": "active",
    "level": "Beginner",
    "image": "https://images.unsplash.com/photo-1495791185843-c73f2269f669?q=80&w=687&auto=format&fit=crop&ixlib=rb-4.1.0&ixid=M3wxMjA3fDB8MHxwaG90by1wYWdlfHx8fGVufDB8fHx8fA%3D%3D",
    "createdAt": "2024-01-12T15:20:00Z",
    "updatedAt": "2024-01-19T10:00:00Z"
  },
  {
    "id": 5,
    "name": "Zumba",
    "description": "Dance your way to fitness with high-energy Zumba classes that combine Latin music with fun, effective workouts.",
    "instructor": "Ahmed Hassan",
    "instructorId": 5,
    "schedule": "Daily - 7:00 AM",
    "duration": 45,
    "capacity": 25,
    "enrolled": 22,
    "price": 70,
    "status": "active",
    "level": "All Levels",
    "image": "https://images.unsplash.com/photo-1517130038641-a774d04afb3c?q=80&w=1170&auto=format&fit=crop&ixlib=rb-4.1.0&ixid=M3wxMjA3fDB8MHxwaG90by1wYWdlfHx8fGVufDB8fHx8fA%3D%3D",
    "createdAt": "2024-01-05T08:00:00Z",
    "updatedAt": "2024-01-21T12:30:00Z"
  },
  {
    "id": 6,
    "name": "Burning Fat",
    "description": "Intensive fitness dance program designed to burn calories while having fun with dynamic movements and upbeat music.",
    "instructor": "Ahmed Hassan",
    "instructorId": 5,
    "schedule": "Tue, Thu, Sat - 8:00 AM",
    "duration": 50,
    "capacity": 20,
    "enrolled": 16,
    "price": 75,
    "status": "active",
    "level": "All Levels",
    "image": "https://images.unsplash.com/photo-1595078475328-1ab05d0a6a0e?q=80&w=700&auto=format&fit=crop&ixlib=rb-4.1.0&ixid=M3wxMjA3fDB8MHxwaG90by1wYWdlfHx8fGVufDB8fHx8fA%3D%3D",
    "createdAt": "2024-01-07T07:45:00Z",
    "updatedAt": "2024-01-20T09:15:00Z"
  },
  {
    "id": 7,
    "name": "Yoga",
    "description": "Find balance and inner peace through mindful movement, breathing techniques, and meditation practices in this unique dance-yoga fusion.",
    "instructor": "Priya Sharma",
    "instructorId": 6,
    "schedule": "Mon, Wed, Fri - 6:00 PM",
    "duration": 75,
    "capacity": 15,
    "enrolled": 11,
    "price": 85,
    "status": "active",
    "level": "All Levels",
    "image": "https://images.unsplash.com/photo-1552196563-55cd4e45efb3?q=80&w=1026&auto=format&fit=crop&ixlib=rb-4.1.0&ixid=M3wxMjA3fDB8MHxwaG90by1wYWdlfHx8fGVufDB8fHx8fA%3D%3D",
    "createdAt": "2024-01-14T17:00:00Z",
    "updatedAt": "2024-01-23T11:20:00Z"
  }
]
