[
  {
    "id": 1,
    "title": "Annual Dance Showcase",
    "slug": "annual-dance-showcase-2024",
    "date": "2024-03-15",
    "time": "19:00",
    "endTime": "22:00",
    "location": "Main Studio",
    "address": "West Bay, Cornish, Borj Al Mana, First Floor",
    "type": "Performance",
    "capacity": 100,
    "registered": 85,
    "price": 25,
    "status": "upcoming",
    "featured": true,
    "description": "Annual showcase featuring all dance styles taught at our studio. Watch our talented students perform beautiful choreographies.",
    "image": "https://images.unsplash.com/photo-1518310383802-640c2de311b2?q=80&w=1170&auto=format&fit=crop&ixlib=rb-4.1.0&ixid=M3wxMjA3fDB8MHxwaG90by1wYWdlfHx8fGVufDB8fHx8fA%3D%3D",
    "instructors": ["Maria Rodriguez", "Elena Petrov", "Carlos Mendez"],
    "tags": ["showcase", "performance", "annual", "all-styles"]
  },
  {
    "id": 2,
    "title": "Belly Dance Workshop",
    "slug": "belly-dance-workshop-intensive",
    "date": "2024-02-28",
    "time": "14:00",
    "endTime": "16:00",
    "location": "Studio A",
    "address": "West Bay, Cornish, Borj Al Mana, First Floor",
    "type": "Workshop",
    "capacity": 20,
    "registered": 18,
    "price": 45,
    "status": "upcoming",
    "featured": false,
    "description": "Intensive belly dance workshop for intermediate students focusing on traditional techniques and cultural understanding.",
    "image": "https://images.unsplash.com/photo-1586401426077-df67f1316076?q=80&w=764&auto=format&fit=crop&ixlib=rb-4.1.0&ixid=M3wxMjA3fDB8MHxwaG90by1wYWdlfHx8fGVufDB8fHx8fA%3D%3D",
    "instructors": ["Maria Rodriguez"],
    "tags": ["belly-dance", "workshop", "intermediate", "traditional"]
  },
  {
    "id": 3,
    "title": "Latin Night Social",
    "slug": "latin-night-social-dance",
    "date": "2024-02-20",
    "time": "20:00",
    "endTime": "23:00",
    "location": "Main Studio",
    "address": "West Bay, Cornish, Borj Al Mana, First Floor",
    "type": "Social",
    "capacity": 50,
    "registered": 42,
    "price": 15,
    "status": "completed",
    "featured": false,
    "description": "Social dancing event featuring Latin music and dance. Perfect for practicing your salsa, bachata, and merengue skills.",
    "image": "https://images.unsplash.com/photo-1571019613454-1cb2f99b2d8b?q=80&w=1170&auto=format&fit=crop&ixlib=rb-4.1.0&ixid=M3wxMjA3fDB8MHxwaG90by1wYWdlfHx8fGVufDB8fHx8fA%3D%3D",
    "instructors": ["Carlos Mendez"],
    "tags": ["latin", "social", "salsa", "bachata", "merengue"]
  },
  {
    "id": 4,
    "title": "Kids Dance Competition",
    "slug": "kids-dance-competition-2024",
    "date": "2024-03-08",
    "time": "10:00",
    "endTime": "13:00",
    "location": "Main Studio",
    "address": "West Bay, Cornish, Borj Al Mana, First Floor",
    "type": "Competition",
    "capacity": 30,
    "registered": 25,
    "price": 20,
    "status": "upcoming",
    "featured": true,
    "description": "Dance competition for children aged 6-12. Categories include ballet, hip hop, and creative dance.",
    "image": "https://images.unsplash.com/photo-1594736797933-d0401ba2fe65?q=80&w=1170&auto=format&fit=crop&ixlib=rb-4.1.0&ixid=M3wxMjA3fDB8MHxwaG90by1wYWdlfHx8fGVufDB8fHx8fA%3D%3D",
    "instructors": ["Elena Petrov", "Ahmed Hassan"],
    "tags": ["kids", "competition", "ballet", "hip-hop", "creative"]
  },
  {
    "id": 5,
    "title": "Master Class with Guest Instructor",
    "slug": "master-class-guest-instructor",
    "date": "2024-03-22",
    "time": "18:00",
    "endTime": "20:00",
    "location": "Studio B",
    "address": "West Bay, Cornish, Borj Al Mana, First Floor",
    "type": "Master Class",
    "capacity": 25,
    "registered": 15,
    "price": 60,
    "status": "upcoming",
    "featured": true,
    "description": "Special master class with internationally renowned instructor specializing in contemporary fusion dance.",
    "image": "https://images.unsplash.com/photo-1508700115892-45ecd05ae2ad?q=80&w=1169&auto=format&fit=crop&ixlib=rb-4.1.0&ixid=M3wxMjA3fDB8MHxwaG90by1wYWdlfHx8fGVufDB8fHx8fA%3D%3D",
    "instructors": ["Guest Instructor: Isabella Martinez"],
    "tags": ["master-class", "guest", "contemporary", "fusion", "advanced"]
  }
]
