[
  {
    "id": 1,
    "name": "Professional Belly Dance Costume",
    "slug": "professional-belly-dance-costume",
    "category": "Costumes",
    "price": 149.99,
    "originalPrice": 199.99,
    "stock": 15,
    "sold": 23,
    "rating": 4.8,
    "reviewCount": 12,
    "status": "active",
    "featured": true,
    "badge": "Sale",
    "image": "https://images.unsplash.com/photo-1594736797933-d0401ba2fe65?q=80&w=1170&auto=format&fit=crop&ixlib=rb-4.1.0&ixid=M3wxMjA3fDB8MHxwaG90by1wYWdlfHx8fGVufDB8fHx8fA%3D%3D",
    "images": [
      "https://images.unsplash.com/photo-1594736797933-d0401ba2fe65?q=80&w=1170&auto=format&fit=crop&ixlib=rb-4.1.0&ixid=M3wxMjA3fDB8MHxwaG90by1wYWdlfHx8fGVufDB8fHx8fA%3D%3D"
    ],
    "description": "Elegant belly dance costume with intricate beadwork and flowing fabric. Perfect for performances and special occasions.",
    "features": ["Hand-sewn beadwork", "Premium fabric", "Multiple sizes available", "Professional quality"],
    "sizes": ["XS", "S", "M", "L", "XL"],
    "colors": ["Gold", "Silver", "Red", "Blue"],
    "tags": ["belly-dance", "costume", "performance", "professional"]
  },
  {
    "id": 2,
    "name": "Dance Practice Shoes",
    "slug": "dance-practice-shoes",
    "category": "Footwear",
    "price": 79.99,
    "originalPrice": null,
    "stock": 32,
    "sold": 45,
    "rating": 4.6,
    "reviewCount": 28,
    "status": "active",
    "featured": false,
    "badge": "Popular",
    "image": "https://images.unsplash.com/photo-1549298916-b41d501d3772?q=80&w=1112&auto=format&fit=crop&ixlib=rb-4.1.0&ixid=M3wxMjA3fDB8MHxwaG90by1wYWdlfHx8fGVufDB8fHx8fA%3D%3D",
    "images": [
      "https://images.unsplash.com/photo-1549298916-b41d501d3772?q=80&w=1112&auto=format&fit=crop&ixlib=rb-4.1.0&ixid=M3wxMjA3fDB8MHxwaG90by1wYWdlfHx8fGVufDB8fHx8fA%3D%3D"
    ],
    "description": "Comfortable practice shoes suitable for all dance styles. Lightweight and flexible for optimal movement.",
    "features": ["Flexible sole", "Breathable material", "Non-slip grip", "Lightweight design"],
    "sizes": ["5", "6", "7", "8", "9", "10", "11"],
    "colors": ["Black", "White", "Tan"],
    "tags": ["shoes", "practice", "dance", "comfortable"]
  },
  {
    "id": 3,
    "name": "Zumba Fitness Set",
    "slug": "zumba-fitness-set",
    "category": "Activewear",
    "price": 59.99,
    "originalPrice": 79.99,
    "stock": 8,
    "sold": 67,
    "rating": 4.7,
    "reviewCount": 34,
    "status": "low-stock",
    "featured": true,
    "badge": "Sale",
    "image": "https://images.unsplash.com/photo-1571019613454-1cb2f99b2d8b?q=80&w=1170&auto=format&fit=crop&ixlib=rb-4.1.0&ixid=M3wxMjA3fDB8MHxwaG90by1wYWdlfHx8fGVufDB8fHx8fA%3D%3D",
    "images": [
      "https://images.unsplash.com/photo-1571019613454-1cb2f99b2d8b?q=80&w=1170&auto=format&fit=crop&ixlib=rb-4.1.0&ixid=M3wxMjA3fDB8MHxwaG90by1wYWdlfHx8fGVufDB8fHx8fA%3D%3D"
    ],
    "description": "Breathable workout set perfect for Zumba and fitness classes. Includes top and leggings.",
    "features": ["Moisture-wicking fabric", "Stretchy material", "Comfortable fit", "Vibrant colors"],
    "sizes": ["XS", "S", "M", "L", "XL"],
    "colors": ["Pink", "Purple", "Turquoise", "Orange"],
    "tags": ["zumba", "fitness", "activewear", "workout"]
  },
  {
    "id": 4,
    "name": "Ballet Leotard - Classic",
    "slug": "ballet-leotard-classic",
    "category": "Dancewear",
    "price": 45.99,
    "originalPrice": null,
    "stock": 0,
    "sold": 89,
    "rating": 4.9,
    "reviewCount": 56,
    "status": "out-of-stock",
    "featured": false,
    "badge": "Out of Stock",
    "image": "https://images.unsplash.com/photo-1495791185843-c73f2269f669?q=80&w=687&auto=format&fit=crop&ixlib=rb-4.1.0&ixid=M3wxMjA3fDB8MHxwaG90by1wYWdlfHx8fGVufDB8fHx8fA%3D%3D",
    "images": [
      "https://images.unsplash.com/photo-1495791185843-c73f2269f669?q=80&w=687&auto=format&fit=crop&ixlib=rb-4.1.0&ixid=M3wxMjA3fDB8MHxwaG90by1wYWdlfHx8fGVufDB8fHx8fA%3D%3D"
    ],
    "description": "Classic ballet leotard made from premium stretch fabric. Essential for ballet classes and practice.",
    "features": ["Premium stretch fabric", "Classic design", "Comfortable fit", "Durable construction"],
    "sizes": ["XS", "S", "M", "L", "XL"],
    "colors": ["Black", "White", "Pink", "Navy"],
    "tags": ["ballet", "leotard", "dancewear", "classic"]
  },
  {
    "id": 5,
    "name": "Hip Scarf with Coins",
    "slug": "hip-scarf-with-coins",
    "category": "Accessories",
    "price": 29.99,
    "originalPrice": null,
    "stock": 25,
    "sold": 156,
    "rating": 4.5,
    "reviewCount": 78,
    "status": "active",
    "featured": false,
    "badge": "Best Seller",
    "image": "https://images.unsplash.com/photo-1547153760-18fc86324498?q=80&w=687&auto=format&fit=crop&ixlib=rb-4.1.0&ixid=M3wxMjA3fDB8MHxwaG90by1wYWdlfHx8fGVufDB8fHx8fA%3D%3D",
    "images": [
      "https://images.unsplash.com/photo-1547153760-18fc86324498?q=80&w=687&auto=format&fit=crop&ixlib=rb-4.1.0&ixid=M3wxMjA3fDB8MHxwaG90by1wYWdlfHx8fGVufDB8fHx8fA%3D%3D"
    ],
    "description": "Traditional hip scarf with authentic coin details for belly dance. Creates beautiful sound and movement.",
    "features": ["Authentic coins", "Traditional design", "Adjustable fit", "Beautiful sound"],
    "sizes": ["One Size"],
    "colors": ["Gold", "Silver", "Bronze", "Multi-color"],
    "tags": ["belly-dance", "hip-scarf", "accessories", "traditional"]
  },
  {
    "id": 6,
    "name": "Dance Studio Water Bottle",
    "slug": "dance-studio-water-bottle",
    "category": "Accessories",
    "price": 19.99,
    "originalPrice": null,
    "stock": 50,
    "sold": 234,
    "rating": 4.3,
    "reviewCount": 89,
    "status": "active",
    "featured": false,
    "badge": "Eco-Friendly",
    "image": "https://images.unsplash.com/photo-1602143407151-7111542de6e8?q=80&w=687&auto=format&fit=crop&ixlib=rb-4.1.0&ixid=M3wxMjA3fDB8MHxwaG90by1wYWdlfHx8fGVufDB8fHx8fA%3D%3D",
    "images": [
      "https://images.unsplash.com/photo-1602143407151-7111542de6e8?q=80&w=687&auto=format&fit=crop&ixlib=rb-4.1.0&ixid=M3wxMjA3fDB8MHxwaG90by1wYWdlfHx8fGVufDB8fHx8fA%3D%3D"
    ],
    "description": "Branded water bottle to stay hydrated during dance sessions. BPA-free and eco-friendly.",
    "features": ["BPA-free", "Leak-proof", "Easy to clean", "Studio branding"],
    "sizes": ["500ml"],
    "colors": ["Clear", "Pink", "Blue", "Green"],
    "tags": ["water-bottle", "hydration", "eco-friendly", "branded"]
  }
]
